[{
    "TrainerName" : "Mohan",
    "CourseName" : "Spring ",
    "TimeDuration" : "10 days",
    "Rating" : "3",
    "TrainingCompleted" : "   4",
    "id":"1",
    "Percentage":"25%",
    "Completed": "100%"
},
{
    "TrainerName" : "Dinesh",
    "CourseName" : "NodeJS",
    "TimeDuration" : "5 days",
    "Rating" : "2",
    "TrainingCompleted" : "   6",
    "id":"2",
    "Percentage":"50%",
    "Completed": "100%"
},
{
    "TrainerName" : "Ramesh",
    "CourseName" : "ReactJs",
    "TimeDuration" : "5 days",
    "Rating" : "3",
    "TrainingCompleted" : "   2",
    "id":"3",
    "Percentage":"25%",
    "Completed": "100%"
},
{
    "TrainerName" : "Ram",
    "CourseName" : "servelet",
    "TimeDuration" : "8 days",
    "Rating" : "5",
    "TrainingCompleted" : "   3",
    "id":"4",
    "Percentage":"50%",
    "Completed": "100%"
}]