<?xml version="1.0" encoding="UTF-8"?>
<project xmlns="http://maven.apache.org/POM/4.0.0" xmlns:xsi="http://www.w3.org/2001/XMLSchema-instance" xsi:schemaLocation="http://maven.apache.org/POM/4.0.0 http://maven.apache.org/maven-v4_0_0.xsd">
  <parent>
    <artifactId>spring-boot-starter-parent</artifactId>
    <groupId>org.springframework.boot</groupId>
    <version>2.4.5</version>
    <relativePath>pom.xml</relativePath>
  </parent>
  <modelVersion>4.0.0</modelVersion>
  <groupId>com.tweetapp</groupId>
  <artifactId>tweetapp-1</artifactId>
  <name>tweetapp-1</name>
  <version>0.0.1-SNAPSHOT</version>
  <description>Demo project for Spring Boot</description>
  <build>
    <plugins>
      <plugin>
        <groupId>org.springframework.boot</groupId>
        <artifactId>spring-boot-maven-plugin</artifactId>
      </plugin>
    </plugins>
  </build>
  <dependencies>
    <dependency>
      <groupId>org.springframework.boot</groupId>
      <artifactId>spring-boot-starter</artifactId>
      <version>2.4.5</version>
      <scope>provided</scope>
    </dependency>
    <dependency>
      <groupId>org.springframework.boot</groupId>
      <artifactId>spring-boot-starter-web</artifactId>
      <version>2.4.5</version>
      <scope>provided</scope>
    </dependency>
    <dependency>
      <groupId>org.springframework.boot</groupId>
      <artifactId>spring-boot-starter-data-mongodb</artifactId>
      <version>2.4.5</version>
      <scope>provided</scope>
    </dependency>
    <dependency>
      <groupId>org.hibernate</groupId>
      <artifactId>hibernate-validator</artifactId>
      <version>6.2.0.Final</version>
      <scope>compile</scope>
    </dependency>
    <dependency>
      <groupId>org.springframework.boot</groupId>
      <artifactId>spring-boot-starter-test</artifactId>
      <version>2.4.5</version>
      <scope>test</scope>
      <exclusions>
        <exclusion>
          <artifactId>spring-boot-test</artifactId>
          <groupId>org.springframework.boot</groupId>
        </exclusion>
        <exclusion>
          <artifactId>spring-boot-test-autoconfigure</artifactId>
          <groupId>org.springframework.boot</groupId>
        </exclusion>
        <exclusion>
          <artifactId>json-path</artifactId>
          <groupId>com.jayway.jsonpath</groupId>
        </exclusion>
        <exclusion>
          <artifactId>jakarta.xml.bind-api</artifactId>
          <groupId>jakarta.xml.bind</groupId>
        </exclusion>
        <exclusion>
          <artifactId>assertj-core</artifactId>
          <groupId>org.assertj</groupId>
        </exclusion>
        <exclusion>
          <artifactId>hamcrest</artifactId>
          <groupId>org.hamcrest</groupId>
        </exclusion>
        <exclusion>
          <artifactId>junit-jupiter</artifactId>
          <groupId>org.junit.jupiter</groupId>
        </exclusion>
        <exclusion>
          <artifactId>mockito-core</artifactId>
          <groupId>org.mockito</groupId>
        </exclusion>
        <exclusion>
          <artifactId>mockito-junit-jupiter</artifactId>
          <groupId>org.mockito</groupId>
        </exclusion>
        <exclusion>
          <artifactId>jsonassert</artifactId>
          <groupId>org.skyscreamer</groupId>
        </exclusion>
        <exclusion>
          <artifactId>spring-test</artifactId>
          <groupId>org.springframework</groupId>
        </exclusion>
        <exclusion>
          <artifactId>xmlunit-core</artifactId>
          <groupId>org.xmlunit</groupId>
        </exclusion>
      </exclusions>
    </dependency>
    <dependency>
      <groupId>org.springframework.boot</groupId>
      <artifactId>spring-boot-starter-webflux</artifactId>
      <version>2.4.5</version>
      <scope>provided</scope>
    </dependency>
    <dependency>
      <groupId>org.springframework.boot</groupId>
      <artifactId>spring-boot-starter-data-mongodb-reactive</artifactId>
      <version>2.4.5</version>
      <scope>provided</scope>
    </dependency>
    <dependency>
      <groupId>org.springframework.security</groupId>
      <artifactId>spring-security-core</artifactId>
      <version>5.4.6</version>
      <scope>provided</scope>
    </dependency>
    <dependency>
      <groupId>org.springframework.security</groupId>
      <artifactId>spring-security-config</artifactId>
      <version>5.4.6</version>
      <scope>provided</scope>
    </dependency>
    <dependency>
      <groupId>org.springframework.security</groupId>
      <artifactId>spring-security-web</artifactId>
      <version>5.4.6</version>
      <scope>provided</scope>
    </dependency>
    <dependency>
      <groupId>org.springframework.kafka</groupId>
      <artifactId>spring-kafka</artifactId>
      <version>2.6.7</version>
      <scope>provided</scope>
    </dependency>
    <dependency>
      <groupId>org.springframework.boot</groupId>
      <artifactId>spring-boot-devtools</artifactId>
      <version>2.4.5</version>
      <scope>provided</scope>
      <optional>true</optional>
    </dependency>
    <dependency>
      <groupId>io.springfox</groupId>
      <artifactId>springfox-boot-starter</artifactId>
      <version>3.0.0</version>
      <scope>provided</scope>
    </dependency>
    <dependency>
      <groupId>org.apache.maven.plugins</groupId>
      <artifactId>maven-shade-plugin</artifactId>
      <version>3.2.2</version>
      <scope>provided</scope>
    </dependency>
  </dependencies>
  <properties>
    <java.version>1.8</java.version>
  </properties>
</project>
